{
    "name": "root",
    "gauges": {
        "MoveToGoal.Policy.Entropy.mean": {
            "value": 1.374466896057129,
            "min": 1.374466896057129,
            "max": 1.4193307161331177,
            "count": 6
        },
        "MoveToGoal.Policy.Entropy.sum": {
            "value": 68701.3515625,
            "min": 68571.375,
            "max": 73850.6171875,
            "count": 6
        },
        "MoveToGoal.Environment.EpisodeLength.mean": {
            "value": 3259.1176470588234,
            "min": 141.41666666666666,
            "max": 3259.1176470588234,
            "count": 2
        },
        "MoveToGoal.Environment.EpisodeLength.sum": {
            "value": 166215.0,
            "min": 18667.0,
            "max": 166215.0,
            "count": 2
        },
        "MoveToGoal.Step.mean": {
            "value": 299945.0,
            "min": 49967.0,
            "max": 299945.0,
            "count": 6
        },
        "MoveToGoal.Step.sum": {
            "value": 299945.0,
            "min": 49967.0,
            "max": 299945.0,
            "count": 6
        },
        "MoveToGoal.Policy.ExtrinsicValueEstimate.mean": {
            "value": 0.1635684072971344,
            "min": 0.1635684072971344,
            "max": 3.518108367919922,
            "count": 6
        },
        "MoveToGoal.Policy.ExtrinsicValueEstimate.sum": {
            "value": 131.50900268554688,
            "min": 131.50900268554688,
            "max": 2986.8740234375,
            "count": 6
        },
        "MoveToGoal.Environment.CumulativeReward.mean": {
            "value": -1.0,
            "min": -1.0,
            "max": -1.0,
            "count": 2
        },
        "MoveToGoal.Environment.CumulativeReward.sum": {
            "value": -51.0,
            "min": -132.0,
            "max": -51.0,
            "count": 2
        },
        "MoveToGoal.Policy.ExtrinsicReward.mean": {
            "value": -1.0,
            "min": -1.0,
            "max": -1.0,
            "count": 2
        },
        "MoveToGoal.Policy.ExtrinsicReward.sum": {
            "value": -51.0,
            "min": -132.0,
            "max": -51.0,
            "count": 2
        },
        "MoveToGoal.Losses.PolicyLoss.mean": {
            "value": 0.02175865182187408,
            "min": 0.02160302702182283,
            "max": 0.025695005845433723,
            "count": 6
        },
        "MoveToGoal.Losses.PolicyLoss.sum": {
            "value": 0.1087932591093704,
            "min": 0.09269961956112335,
            "max": 0.1284750292271686,
            "count": 6
        },
        "MoveToGoal.Losses.ValueLoss.mean": {
            "value": 0.008704369423988586,
            "min": 0.0003109719807495519,
            "max": 0.5564475554662447,
            "count": 6
        },
        "MoveToGoal.Losses.ValueLoss.sum": {
            "value": 0.043521847119942926,
            "min": 0.0015548599037477594,
            "max": 2.2257902218649788,
            "count": 6
        },
        "MoveToGoal.Policy.LearningRate.mean": {
            "value": 0.00013265561578148,
            "min": 0.00013265561578148,
            "max": 0.00028458795513734995,
            "count": 6
        },
        "MoveToGoal.Policy.LearningRate.sum": {
            "value": 0.0006632780789074,
            "min": 0.0006632780789074,
            "max": 0.0012835902721366,
            "count": 6
        },
        "MoveToGoal.Policy.Epsilon.mean": {
            "value": 0.14421852000000004,
            "min": 0.14421852000000004,
            "max": 0.19486265000000003,
            "count": 6
        },
        "MoveToGoal.Policy.Epsilon.sum": {
            "value": 0.7210926000000002,
            "min": 0.7210926000000002,
            "max": 0.9278633999999999,
            "count": 6
        },
        "MoveToGoal.Policy.Beta.mean": {
            "value": 0.0022165041479999996,
            "min": 0.0022165041479999996,
            "max": 0.004743646235000001,
            "count": 6
        },
        "MoveToGoal.Policy.Beta.sum": {
            "value": 0.011082520739999999,
            "min": 0.011082520739999999,
            "max": 0.02140038366,
            "count": 6
        },
        "MoveToGoal.IsTraining.mean": {
            "value": 1.0,
            "min": 1.0,
            "max": 1.0,
            "count": 6
        },
        "MoveToGoal.IsTraining.sum": {
            "value": 1.0,
            "min": 1.0,
            "max": 1.0,
            "count": 6
        }
    },
    "metadata": {
        "timer_format_version": "0.1.0",
        "start_time_seconds": "1642463417",
        "python_version": "3.9.1 (tags/v3.9.1:1e5d33e, Dec  7 2020, 17:08:21) [MSC v.1927 64 bit (AMD64)]",
        "command_line_arguments": "C:\\GitHub Repos\\Unity\\Unity-ML-Agents-Workshop\\venv\\Scripts\\mlagents-learn --run-id Tryston1",
        "mlagents_version": "0.28.0",
        "mlagents_envs_version": "0.28.0",
        "communication_protocol_version": "1.5.0",
        "pytorch_version": "1.7.1+cu110",
        "numpy_version": "1.22.1",
        "end_time_seconds": "1642463912"
    },
    "total": 494.5465912,
    "count": 1,
    "self": 0.007500599999957558,
    "children": {
        "run_training.setup": {
            "total": 0.03994869999999984,
            "count": 1,
            "self": 0.03994869999999984
        },
        "TrainerController.start_learning": {
            "total": 494.49914190000004,
            "count": 1,
            "self": 0.25539100000105464,
            "children": {
                "TrainerController._reset_env": {
                    "total": 33.5899509,
                    "count": 1,
                    "self": 33.5899509
                },
                "TrainerController.advance": {
                    "total": 460.54305779999896,
                    "count": 5220,
                    "self": 0.256585599998175,
                    "children": {
                        "env_step": {
                            "total": 313.7738854000002,
                            "count": 5220,
                            "self": 296.94748510000124,
                            "children": {
                                "SubprocessEnvManager._take_step": {
                                    "total": 16.694732799999628,
                                    "count": 5220,
                                    "self": 0.9568460999984367,
                                    "children": {
                                        "TorchPolicy.evaluate": {
                                            "total": 15.73788670000119,
                                            "count": 5101,
                                            "self": 1.376236199999127,
                                            "children": {
                                                "TorchPolicy.sample_actions": {
                                                    "total": 14.361650500002064,
                                                    "count": 5101,
                                                    "self": 14.361650500002064
                                                }
                                            }
                                        }
                                    }
                                },
                                "workers": {
                                    "total": 0.13166749999932392,
                                    "count": 5219,
                                    "self": 0.0,
                                    "children": {
                                        "worker_root": {
                                            "total": 398.4245143999999,
                                            "count": 5219,
                                            "is_parallel": true,
                                            "self": 193.95876760000033,