{
    "name": "root",
    "metadata": {
        "timer_format_version": "0.1.0",
        "start_time_seconds": "1649878106",
        "python_version": "3.9.1 (tags/v3.9.1:1e5d33e, Dec  7 2020, 17:08:21) [MSC v.1927 64 bit (AMD64)]",
        "command_line_arguments": "C:\\GitHub Repos\\Unity\\Unity-ML-Agents-Workshop\\venv\\Scripts\\mlagents-learn --run-id=demo1",
        "mlagents_version": "0.29.0",
        "mlagents_envs_version": "0.29.0",
        "communication_protocol_version": "1.5.0",
        "pytorch_version": "1.11.0+cpu",
        "numpy_version": "1.21.2",
        "end_time_seconds": "1649878307"
    },
    "total": 201.2702791,
    "count": 1,
    "self": 0.008481400000022177,
    "children": {
        "run_training.setup": {
            "total": 0.03987549999999995,
            "count": 1,
            "self": 0.03987549999999995
        },
        "TrainerController.start_learning": {
            "total": 201.2219222,
            "count": 1,
            "self": 0.16973820000072237,
            "children": {
                "TrainerController._reset_env": {
                    "total": 10.951604099999999,
                    "count": 1,
                    "self": 10.951604099999999
                },
                "TrainerController.advance": {
                    "total": 189.81666979999926,
                    "count": 3176,
                    "self": 0.16861879999919438,
                    "children": {
                        "env_step": {
                            "total": 126.81784719999972,
                            "count": 3176,
                            "self": 118.61423279999947,
                            "children": {
                                "SubprocessEnvManager._take_step": {
                                    "total": 8.105812400000373,
                                    "count": 3177,
                                    "self": 0.5171100999999556,
                                    "children": {
                                        "TorchPolicy.evaluate": {
                                            "total": 7.588702300000417,
                                            "count": 3078,
                                            "self": 1.2306056000000094,
                                            "children": {
                                                "TorchPolicy.sample_actions": {
                                                    "total": 6.358096700000408,
                                                    "count": 3078,
                                                    "self": 6.358096700000408
                                                }
                                            }
                                        }
                                    }
                                },
                                "workers": {
                                    "total": 0.09780199999987182,
                                    "count": 3176,
                                    "self": 0.0,
                                    "children": {
                                        "worker_root": {
                                            "total": 100.8374296000004,
                                            "count": 3176,
                                            "is_parallel": true,
                                            "self": 18.594627600000322,
                                            "children": {
                                                "steps_from_proto": {
                                                    "total": 0.0011840999999996882,
                                                    "count": 2,
                                                    "is_parallel": true,
                                                    "self": 0.0005896999999954744,
                                                    "children": {
                                                        "_process_rank_one_or_two_observation": {
                                                            "total": 0.0005944000000042138,
                                                            "count": 4,
                                                            "is_parallel": true,
                                                            "self": 0.0005944000000042138
                                                        }
                                                    }
                                                },
                                                "UnityEnvironment.step": {
                                                    "total": 82.24161790000008,
                                                    "count": 3176,
                                                    "is_parallel": true,
                                                    "self": 0.6592414000001412,
                                                    "children": {
                                                        "UnityEnvironment._generate_step_input": {
                                                            "total": 0.7276492000002222,
                                                            "count": 3176,
                                                            "is_parallel": true,
                                                            "self": 0.7276492000002222
                                                        },
                                                        "communicator.exchange": {
                                                            "total": 79.13760239999965,
                                                            "count": 3176,
                                                            "is_parallel": true,
                                                            "self": 79.13760239999965
                                                        },
                                                        "steps_from_proto": {
                                                            "total": 1.7171249000000586,
                                                            "count": 3176,
                                                            "is_parallel": true,
                                                            "self": 0.917146299999942,
                                                            "children": {
                                                                "_process_rank_one_or_two_observation": {
                                                                    "total": 0.7999786000001166,
                                                                    "count": 6352,
                                                                    "is_parallel": true,
                                                                    "self": 0.7999786000001166
                                                                }
                                                            }
                                                        }
                                                    }
                                                }
                                            }
                                        }
                                    }
                                }
                            }
                        },
                        "trainer_advance": {
                            "total": 62.83020380000035,
                            "count": 3176,
                            "self": 0.18747650000062777,
                            "children": {
                                "process_trajectory": {
                                    "total": 1.8910718999997194,
                                    "count": 3176,
                                    "self": 1.8910718999997194
                                },
                                "_update_policy": {
                                    "total": 60.751655400000004,