{
    "name": "root",
    "gauges": {
        "Tobor.Policy.Entropy.mean": {
            "value": 1.4148097038269043,
            "min": 1.4148097038269043,
            "max": 1.4148097038269043,
            "count": 1
        },
        "Tobor.Policy.Entropy.sum": {
            "value": 71239.9140625,
            "min": 71239.9140625,
            "max": 71239.9140625,
            "count": 1
        },
        "Tobor.Step.mean": {
            "value": 49946.0,
            "min": 49946.0,
            "max": 49946.0,
            "count": 1
        },
        "Tobor.Step.sum": {
            "value": 49946.0,
            "min": 49946.0,
            "max": 49946.0,
            "count": 1
        },
        "Tobor.Policy.ExtrinsicValueEstimate.mean": {
            "value": 1.2531754970550537,
            "min": 1.2531754970550537,
            "max": 1.2531754970550537,
            "count": 1
        },
        "Tobor.Policy.ExtrinsicValueEstimate.sum": {
            "value": 1280.745361328125,
            "min": 1280.745361328125,
            "max": 1280.745361328125,
            "count": 1
        },
        "Tobor.Environment.EpisodeLength.mean": {
            "value": 98.00803212851406,
            "min": 98.00803212851406,
            "max": 98.00803212851406,
            "count": 1
        },
        "Tobor.Environment.EpisodeLength.sum": {
            "value": 48808.0,
            "min": 48808.0,
            "max": 48808.0,
            "count": 1
        },
        "Tobor.Environment.CumulativeReward.mean": {
            "value": 5.251004016064257,
            "min": 5.251004016064257,
            "max": 5.251004016064257,
            "count": 1
        },
        "Tobor.Environment.CumulativeReward.sum": {
            "value": 2615.0,
            "min": 2615.0,
            "max": 2615.0,
            "count": 1
        },
        "Tobor.Policy.ExtrinsicReward.mean": {
            "value": 5.251004016064257,
            "min": 5.251004016064257,
            "max": 5.251004016064257,
            "count": 1
        },
        "Tobor.Policy.ExtrinsicReward.sum": {
            "value": 2615.0,
            "min": 2615.0,
            "max": 2615.0,
            "count": 1
        },
        "Tobor.Losses.PolicyLoss.mean": {
            "value": 0.02181322806961058,
            "min": 0.02181322806961058,
            "max": 0.02181322806961058,
            "count": 1
        },
        "Tobor.Losses.PolicyLoss.sum": {
            "value": 0.08725291227844233,
            "min": 0.08725291227844233,
            "max": 0.08725291227844233,
            "count": 1
        },
        "Tobor.Losses.ValueLoss.mean": {
            "value": 0.9392271430542072,
            "min": 0.9392271430542072,
            "max": 0.9392271430542072,
            "count": 1
        },
        "Tobor.Losses.ValueLoss.sum": {
            "value": 3.7569085722168287,
            "min": 3.7569085722168287,
            "max": 3.7569085722168287,
            "count": 1
        },
        "Tobor.Policy.LearningRate.mean": {
            "value": 0.00028457775514075,
            "min": 0.00028457775514075,
            "max": 0.00028457775514075,
            "count": 1
        },
        "Tobor.Policy.LearningRate.sum": {
            "value": 0.001138311020563,
            "min": 0.001138311020563,
            "max": 0.001138311020563,
            "count": 1
        },
        "Tobor.Policy.Epsilon.mean": {
            "value": 0.19485925,
            "min": 0.19485925,
            "max": 0.19485925,
            "count": 1
        },
        "Tobor.Policy.Epsilon.sum": {
            "value": 0.779437,
            "min": 0.779437,
            "max": 0.779437,
            "count": 1
        },
        "Tobor.Policy.Beta.mean": {
            "value": 0.004743476574999999,
            "min": 0.004743476574999999,
            "max": 0.004743476574999999,
            "count": 1
        },
        "Tobor.Policy.Beta.sum": {
            "value": 0.018973906299999996,
            "min": 0.018973906299999996,
            "max": 0.018973906299999996,
            "count": 1
        },
        "Tobor.IsTraining.mean": {
            "value": 1.0,
            "min": 1.0,
            "max": 1.0,
            "count": 1
        },
        "Tobor.IsTraining.sum": {
            "value": 1.0,
            "min": 1.0,
            "max": 1.0,
            "count": 1
        }
    },
    "metadata": {
        "timer_format_version": "0.1.0",
        "start_time_seconds": "1649869362",
        "python_version": "3.9.1 (tags/v3.9.1:1e5d33e, Dec  7 2020, 17:08:21) [MSC v.1927 64 bit (AMD64)]",
        "command_line_arguments": "C:\\GitHub Repos\\Unity\\Unity-ML-Agents-Workshop\\venv\\Scripts\\mlagents-learn --run-id=test1",
        "mlagents_version": "0.29.0",
        "mlagents_envs_version": "0.29.0",
        "communication_protocol_version": "1.5.0",
        "pytorch_version": "1.11.0+cpu",
        "numpy_version": "1.21.2",
        "end_time_seconds": "1649869533"
    },
    "total": 171.2970628,
    "count": 1,
    "self": 0.008777299999991328,
    "children": {
        "run_training.setup": {
            "total": 0.03522049999999988,
            "count": 1,
            "self": 0.03522049999999988
        },
        "TrainerController.start_learning": {
            "total": 171.253065,
            "count": 1,
            "self": 0.3311127999997723,
            "children": {
                "TrainerController._reset_env": {
                    "total": 9.9603217,
                    "count": 1,
                    "self": 9.9603217
                },
                "TrainerController.advance": {
                    "total": 160.8235229000002,
                    "count": 9851,
                    "self": 0.3200942000013356,
                    "children": {
                        "env_step": {
                            "total": 135.55058090000006,
                            "count": 9851,
                            "self": 124.68685239999903,
                            "children": {
                                "SubprocessEnvManager._take_step": {
                                    "total": 10.654357900000615,
                                    "count": 9851,
                                    "self": 0.9228646000012297,
                                    "children": {
                                        "TorchPolicy.evaluate": {
                                            "total": 9.731493299999386,
                                            "count": 8917,
                                            "self": 2.072852399998858,
                                            "children": {
                                                "TorchPolicy.sample_actions": {
                                                    "total": 7.6586409000005276,
                                                    "count": 8917,
                                                    "self": 7.6586409000005276
                                                }
                                            }
                                        }
                                    }
                                },
                                "workers": {
                                    "total": 0.2093706000004225,
                                    "count": 9850,
                                    "self": 0.0,
                                    "children": {
                                        "worker_root": {
                                            "total": 149.9036177,
                                            "count": 9850,
                                            "is_parallel": true,
                                            "self": 54.15015280000047,
                                            "children": {
                                                "steps_from_proto": {
                                                    "total": 0.0003410999999999831,