{
    "name": "root",
    "gauges": {
        "MoveToGoal.Policy.Entropy.mean": {
            "value": 1.3916735649108887,
            "min": 1.3916735649108887,
            "max": 1.418413758277893,
            "count": 4
        },
        "MoveToGoal.Policy.Entropy.sum": {
            "value": 69472.34375,
            "min": 69472.34375,
            "max": 73712.125,
            "count": 4
        },
        "MoveToGoal.Step.mean": {
            "value": 199998.0,
            "min": 49990.0,
            "max": 199998.0,
            "count": 4
        },
        "MoveToGoal.Step.sum": {
            "value": 199998.0,
            "min": 49990.0,
            "max": 199998.0,
            "count": 4
        },
        "MoveToGoal.Policy.ExtrinsicValueEstimate.mean": {
            "value": 0.5672526359558105,
            "min": 0.5672526359558105,
            "max": 3.853663682937622,
            "count": 4
        },
        "MoveToGoal.Policy.ExtrinsicValueEstimate.sum": {
            "value": 443.591552734375,
            "min": 443.591552734375,
            "max": 3344.97998046875,
            "count": 4
        },
        "MoveToGoal.Environment.EpisodeLength.mean": {
            "value": 522.2,
            "min": 195.35582822085888,
            "max": 522.2,
            "count": 2
        },
        "MoveToGoal.Environment.EpisodeLength.sum": {
            "value": 2611.0,
            "min": 2611.0,
            "max": 31843.0,
            "count": 2
        },
        "MoveToGoal.Environment.CumulativeReward.mean": {
            "value": 0.6,
            "min": -0.10429447852760736,
            "max": 0.6,
            "count": 2
        },
        "MoveToGoal.Environment.CumulativeReward.sum": {
            "value": 3.0,
            "min": -17.0,
            "max": 3.0,
            "count": 2
        },
        "MoveToGoal.Policy.ExtrinsicReward.mean": {
            "value": 0.6,
            "min": -0.10429447852760736,
            "max": 0.6,
            "count": 2
        },
        "MoveToGoal.Policy.ExtrinsicReward.sum": {
            "value": 3.0,
            "min": -17.0,
            "max": 3.0,
            "count": 2
        },
        "MoveToGoal.Losses.PolicyLoss.mean": {
            "value": 0.02358594862588992,
            "min": 0.021767907110042874,
            "max": 0.025393778105111172,
            "count": 4
        },
        "MoveToGoal.Losses.PolicyLoss.sum": {
            "value": 0.1179297431294496,
            "min": 0.10157511242044469,
            "max": 0.1179297431294496,
            "count": 4
        },
        "MoveToGoal.Losses.ValueLoss.mean": {
            "value": 0.0017834392385945347,
            "min": 0.0017834392385945347,
            "max": 0.32228956626107297,
            "count": 4
        },
        "MoveToGoal.Losses.ValueLoss.sum": {
            "value": 0.008917196192972673,
            "min": 0.008917196192972673,
            "max": 1.2891582650442919,
            "count": 4
        },
        "MoveToGoal.Policy.LearningRate.mean": {
            "value": 0.00019424763525080005,
            "min": 0.00019424763525080005,
            "max": 0.00028423665525445,
            "count": 4
        },
        "MoveToGoal.Policy.LearningRate.sum": {
            "value": 0.0009712381762540002,
            "min": 0.0009712381762540002,
            "max": 0.0012815664728112,
            "count": 4
        },
        "MoveToGoal.Policy.Epsilon.mean": {
            "value": 0.16474919999999998,
            "min": 0.16474919999999998,
            "max": 0.19474555,
            "count": 4
        },
        "MoveToGoal.Policy.Epsilon.sum": {
            "value": 0.823746,
            "min": 0.7789822,
            "max": 0.9271888,
            "count": 4
        },
        "MoveToGoal.Policy.Beta.mean": {
            "value": 0.00324098508,
            "min": 0.00324098508,
            "max": 0.004737802945000001,
            "count": 4
        },
        "MoveToGoal.Policy.Beta.sum": {
            "value": 0.0162049254,
            "min": 0.0162049254,
            "max": 0.021366721119999994,
            "count": 4
        },
        "MoveToGoal.IsTraining.mean": {
            "value": 1.0,
            "min": 1.0,
            "max": 1.0,
            "count": 4
        },
        "MoveToGoal.IsTraining.sum": {
            "value": 1.0,
            "min": 1.0,
            "max": 1.0,
            "count": 4
        }
    },
    "metadata": {
        "timer_format_version": "0.1.0",
        "start_time_seconds": "1642364767",
        "python_version": "3.9.4 (tags/v3.9.4:1f2e308, Apr  6 2021, 13:40:21) [MSC v.1928 64 bit (AMD64)]",
        "command_line_arguments": "F:\\Users\\Luke\\Desktop\\Unity Projects\\Unity ML Agents Workshop\\Unity-ML-Agents-Workshop\\venv\\Scripts\\mlagents-learn --force",
        "mlagents_version": "0.28.0",
        "mlagents_envs_version": "0.28.0",
        "communication_protocol_version": "1.5.0",
        "pytorch_version": "1.10.1+cpu",
        "numpy_version": "1.22.1",
        "end_time_seconds": "1642364908"
    },
    "total": 141.22947050000002,
    "count": 1,
    "self": 0.00489480000001663,
    "children": {
        "run_training.setup": {
            "total": 0.07153549999999997,
            "count": 1,
            "self": 0.07153549999999997
        },
        "TrainerController.start_learning": {
            "total": 141.1530402,
            "count": 1,
            "self": 0.057857300000137,
            "children": {
                "TrainerController._reset_env": {
                    "total": 2.7034899,
                    "count": 1,
                    "self": 2.7034899
                },
                "TrainerController.advance": {
                    "total": 138.31254479999984,
                    "count": 3740,
                    "self": 0.050567099999767606,
                    "children": {
                        "env_step": {
                            "total": 95.05962950000006,
                            "count": 3740,
                            "self": 92.71996390000018,
                            "children": {
                                "SubprocessEnvManager._take_step": {
                                    "total": 2.305653500000005,
                                    "count": 3740,
                                    "self": 0.22689719999994917,
                                    "children": {
                                        "TorchPolicy.evaluate": {
                                            "total": 2.0787563000000557,
                                            "count": 3617,
                                            "self": 0.31286800000021486,
                                            "children": {
                                                "TorchPolicy.sample_actions": {
                                                    "total": 1.7658882999998409,
                                                    "count": 3617,
                                                    "self": 1.7658882999998409
                                                }
                                            }
                                        }
                                    }
                                },
                                "workers": {
                                    "total": 0.034012099999874756,
                                    "count": 3739,
                                    "self": 0.0,
                                    "children": {
                                        "worker_root": {
                                            "total": 77.36373719999986,
                                            "count": 3739,
                                            "is_parallel": true,
                                            "self": 53.20121359999991,